word,count
공개,27
오픈,8
애플,7
버전,6
술레이만,5
비디아,5
구글,5
중국,5
인공지능,4
관련,4
삼성,4
가능,4
예정,4
출시,4
영입,4
말,4
생각,4
수익,3
뉴,3
미스트랄,3
아이폰,3
메타,3
소송,3
투자,3
사용,3
코딩,3
축구,3
전술,3
비서,3
시연,3
의료,2
기반,2
소스,2
정도,2
봇,2
병기,2
앤드류,2
비밀,2
유니,2
크다,2
기대,2
공간,2
황,2
스캔,2
젠슨,2
칩,2
라이브,2
디바이스,2
간호사,2
백,2
게,2
트리,2
에이전트,2
개발,2
압박,2
이사회,2
사퇴,2
자진,2
부진,2
판매,2
탑재,2
모델,2
워크플로,2
기고,2
성형,2
주가,2
반독점,2
로봇,2
플립,2
브이,2
전,2
급락,2
초,2
전체,2
공식,2
뉴스,2
그림자,2
논란,2
서비스,2
감사,2
후원,2
확률,2
테스트,2
음성,2
할리우드,2
파트너십,2
체결,2
중,2
웨이,2
공략,2
지능,2
창업자,2
뮤직,2
딥,2
마인드,2
조,2
틈새시장,2
기능,2
생성,2
비디오,2
님,1
터틀,1
데이,1
정진수,1
유후,1
정진균,1
소아,1
주임,1
판,1
온도,1
머니,1
개발자,1
현실,1
보성,1
인사,1
박,1
아부심벨,1
그루트,1
비전,1
신규,1
프로,1
연동,1
시뮬레이션,1
기상,1
예측,1
멤버십,1
빵,1
쌤,1
알고리즘,1
라다,1
차,1
딩,1
프로젝트,1
니,1
목차,1
슐레이만,1
시스템,1
매매,1
자동,1
비트코인,1
전달,1
최신,1
물,1
호러,1
코즈믹,1
세상,1
차이,1
개미,1
인간,1
경우,1
인류,1
공부,1
조카,1
소,1
미디어,1
무스타파,1
소식,1
속,1
영상,1
알라딘,1
교보문고,1
빛,1
자막,1
웹,1
활용,1
챗,1
웨딩,1
더빙,1
번역,1
개인,1
