nouns,link
크롤링 작업 수행 아이피 문제 해결 핸드폰 아이피 사용 크롤링 자유 아이피 변경 사용 요즘 프로그램 이용 브라우저,https://blog.naver.com/kukuri0_0/223506872672
예전 크롤링 크롤링 준비 대표 파이썬 이해 예전 포기,https://blog.naver.com/ocmarketing/223040044418
작업 크롤링 수집 데이터 저장 위치 인공지능 파이썬 크롤링 코드 작성 요청 가지 준비물 필요,https://blog.naver.com/skdaksdptn/223151211054
바티 사용 기능 크롤링 역할 수행 코드 상태 구글 검색 키워드 검색 결과 크롤링 과정 자동 클릭,https://blog.naver.com/suwon890103/223376550843
자율 조회 크롤링 주가 조회 방법 소개 한국 거래소 데이터 크롤링 사용 거래소 정보 이용 정책 사용,https://blog.naver.com/k2h6224/223481350434
크롤링 전문 지식 자체 구세주 코딩 파이썬 리스 틀리 크롤링 방법,https://blog.naver.com/ahw0703/223128238587
크롤링 법률 자문 요즘 인터넷 발달 이용 사업 시작 사람 고용 크롤링 법률 자문 이후 필요 문제 이유,https://blog.naver.com/kkkdddhhh2/223506853807
크롤링 우측 리스 틀리 전체 선택 싸이트 상단 리스 틀리 클릭 전체 부분 대로 선택 이내,https://blog.naver.com/creamdk/223128387291
파이썬 강좌 엑셀 자동화 크롤링 추천 인공지능 일상 데이터 분석 필수 크롤링 업무 자동화 초보 이해 단계 업무 적용,https://blog.naver.com/lhr0905/223503789889
크롤링 인터넷 존재 정보 수집 가공 작업 의미 과정 크롬 확장 프로그램 프로그램 리스 틀리 사이트 크롤링 프로그램 소개,https://blog.naver.com/ez_the_reviewer/223105889904
크롤링 데이터 수집 프로그램 개발 일전 작성 데이터 시각화 포스팅 데이터 분석 사이트 존재 데이터 수집 크롤링 프로그램,https://blog.naver.com/urmyver/223532065047
크롤링 정의 래핑 프로그램 사용 주의 사항 요즘 개발 개인 크롤링 정의 기다 유래 겁니다,https://blog.naver.com/wlswn3974/223496780004
정보 크롤링 홈페이지 해당 부분 데이터 크롤링 자료 개월 개월 수업 일수 해당,https://blog.naver.com/saintbell/223369236827
파이썬 크롤링 업무 자동 활용 대중 프로그래밍 파트 데이터 수집 기술 크롤링 중심 파이썬 문법 활용,https://blog.naver.com/theparanbi/223509577261
크롤링 자동 포스 크롤링 크롬 드라이버 설치 방법 구글 크롬 드라이버 다운로드 사용 크롬 버전,https://blog.naver.com/aung7706/223460248116
이름 오늘 파이썬 라이브러리 교육 마무리 파이썬 데이터 크롤링 교육 클래스 모듈 함수 클래스 프로그램 내부 호출 가능 이름 호출 가능 본격 크롤링 수업,https://blog.naver.com/89702565/223160641631
데이터 수집 분석 선택 필수 요즘 크롤링 크롤링 크롤러 단어 겁니다 온라인 상품 판매 회사,https://blog.naver.com/tmaxhq/222981279368
소식 가족 남편 크롤링 운영 소모임,https://blog.naver.com/princessrian/223437916071
커리어 스킬 파이썬 업무 자동 파이썬 기초 크롤링 강의 손원준 길벗 소개 파이썬 기초 크롤링 강의 비전 공자 초보 파이썬 코딩,https://blog.naver.com/campgonnie/223500292181
크롤링 정보 매물 수집 단축 이용한 크롤링 파이썬 프로그램 필요 엑셀,https://blog.naver.com/pinevol/223528283442
크롤링 페이지 데이터 추출 의미 인터넷 정보 수집 프로세스 크롤링 단계 시작점 설정 크롤링 시작,https://blog.naver.com/jinnyandbory/223333997956
자율 조회 출처 이자 조회 주가 크롤링 사례 존재 장소 사람 때문 크롤링 방향,https://blog.naver.com/k2h6224/223476076368
사용 대표 기술 크롤링 사이트 내용 수집 기술 상용 크롤링 사용 소프트웨어 크롤러 서버 부담,https://blog.naver.com/tech-plus/223489638805
크롤링 데이터 수집 방법 이야기 수집 업무 자동 수집 레딧 소진 때문 사용 크롤링 서비스 크롤링,https://blog.naver.com/backgroun/223282630438
인식 크롤링 오류 오류 문제 차단 표시 크롤링 요청 시도 표시 크롤링 요청 실패,https://negna.tistory.com/349084
크롤 예산 검색 엔진 크롤러 특정 사이트 페이지 크롤링 출처 이해 크롤링 뭔가 설명,https://blog.naver.com/jhk-blog/223513498684
데이터 마이닝 크롤링 검색 엔진 수십 데이터 크롤링 관련 단어 일자 언급 횟수 태그 다양 방법 지정 사이트,https://blog.naver.com/modulestudio/223282507509
페이지 데이터 데이터 크롤링 크롤링 페이지 데이터 추출 행위 대한민국,https://blog.naver.com/ecolab210/223315339096
결과 크롤링 대전 위치 기업 한눈 생각 활용 크롤링 정보 기업 소재지 기업 규모,https://blog.naver.com/jellycorn/223501206723
프로젝트 주제 선정 크롤링 데이터 분석 시각화 진행 네이버 항공 사이트 크롤링 크롤링 원분 압도 감사,https://blog.naver.com/a1egre_/223513545403
크롤링 페그 사이트 자동 프로그램 사용 데이터 수집 기술 기술 파도 수익 창출 가능 제공 크롤링 페그 활용 사이트 정보,https://blog.naver.com/exclude8853/223533609171
예전 데이터베이스 크롤링 수억 손해 배상 데이터베이스 크롤링 행위 부정 경쟁 행위 법원,https://blog.naver.com/lawyer_hyk/223507202921
표지 파이썬 기초 크롤링 실습 파이썬 설치 기초 크롤링 엑셀 작업 자동 실습 직접,https://blog.naver.com/kormaruu/223503767736
크롤링 당시 시대 유행 드라마 주제 선정 발표 크롤링 랭킹 정보 필요 그것 추가 수집 조장,https://blog.naver.com/im-rabbit/223528275081
파생 상품 가치 평가 활용 데이터 크롤링 주가 조회 이자 조회 공시 시스템 소개 업무,https://blog.naver.com/k2h6224/223505466855
미국 인공지능 개발 오픈 크롤링 도구 출시 페이지 오픈 공식 블로그 크롤링 페이지 정보 향후 출시 모델 개선 사용,https://blog.naver.com/tech-plus/223179163773
고객 제자 공개 데이터 이미지 크롤링 방법 수집 사업 고객 크롤링 방식 데이터 이미지 수집 사업 계획 해당 서비스 저작권법,https://blog.naver.com/veatlaw1/223531610519
문제 해결 등장 기술 크롤링 기술 크롤링 기술 사이트 자동 탐색 필요 정보 수집 기술 기술 이용 정확 필요 정보,https://blog.naver.com/sick12687/223544277883
뉴스 기사 크롤링 매크로 할인 정보 블로그 포스트 고민 요즘 구글 스프레드시트 이용 뉴스 기사 크롤링 유튜브 키워드 서치,https://blog.naver.com/beat_chani/223499232153
과목 과목 접근 파이썬 아파트 거래 공공 크롤링 사이트 과정 온라인,https://blog.naver.com/zauin/223456189916
크롤링 내일 마지막 마지막 워드 클라우드 구현 자연 어처 리에 입문 머신 러닝 오늘 활용 크롤링,https://blog.naver.com/icasun/223517436556
크롤링 방법 데이터 수집 생각 크롤링 설명 데이터 컴퓨터 데이터 행위,https://blog.naver.com/song7692/222945059435
이전 회사 크롤링 사용 비즈니스 가치 기본 크롤링 경험 파이썬 자바 스크립트 크롤링 노드 크롤링 영상,https://blog.naver.com/skdyds/223226932366
데이터 분석 기초 크롤링 무료 특강 안녕 홍대 언니 청연 준비 데이터 분석 기초 크롤링 전반 설명 추후 전반 전문가,https://blog.naver.com/jskim04125/223422022399
블로그 크롤링 이야기 파이썬 활용 블로그 제목 내용 자동 방법 공유 크롤링 관심 집중,https://blog.naver.com/juhwangdy/223439365692
기업 정보 크롤링 크로 실행 라이브러리 설치 페이지 데이터 참고 강의 유튜브 코딩 파이썬 코딩 무료 강의 활용 크롤링,https://blog.naver.com/kwons_life/223447288801
파이썬 페이지 크롤링 사용 재무제표 크롤링 내용 참고 작성,https://blog.naver.com/gacktneco/223354495741
마이크 크롤링 로봇 개발 연구 성과 국제 학술지 어드밴스 사이언스 마이크 크롤링 로봇 크기 무게 덕분 파이프라인 검사 모니터링 장비,https://blog.naver.com/kips1214/223467538633
크롤링 컨트롤 모델 안정 문제 괄호 함수 안정 활용 크롤링 데이터 재고 품절 랜덤 재고 추가 설정,https://blog.naver.com/dltmdcks321/223530235666
소켓 통신 활용 크롤링 프로그램 개발 인터넷 정보 수집 분석 크롤링 데이터 분석 비즈니스 인텔리 중요 역할 소켓 통신,https://blog.naver.com/avvsaf11/223539034766
크롤링 강의 일간 타자 코딩 사랑 성공 사랑 생각 데이터 수집 크롤링,https://blog.naver.com/89702565/223164701612
파이썬 관련 매크로 자동 크롤링 추출 프로그램 제작 의뢰 프로그램 개요 특징 파이썬 관련 매크로 자동 크롤링 사이트 게시물 자동 등록,https://blog.naver.com/lov4jung/223544118911
크롤링 서비스 온라인 재판매 허위 과대광고 모니터링 강화 독일 진행 크롤링 서비스 도입 크롤링 서비스 페이지,https://blog.naver.com/kimnkimmarketing/223539661954
댓글 크롤링 부탁 수정 필요 코드 작동 정도 투자 반자동 크롤링 무료 제공 서비스,https://blog.naver.com/salary_like_drugs/223533917047
크롤링 크롤링 단일 페이지 애플리케이션 크롤링 기술 일반 크롤링 접근 방식 필요 경우 특징,https://blog.naver.com/djsudaqw/223536275902
달리 생성 그림 인공지능 학습 사이트 데이터 수집 크롤링 행위 지난해 문제 본격 부각 사이트 크롤링 금지,https://blog.naver.com/ai_times/223521112732
크롤링 데이터 그누 준비 강의 수업 준비 과정 단순 크롤링 수업 크롤링 사이트,https://blog.naver.com/zauin/223375026477
상세 페이지 크롤링 방법 안쪽 추가 요청 목록 크롤링 링크 상세 페이지 요청 서버 요청 거절 상태 코드,https://blog.naver.com/whitesunny65/223516092330
데이터 크롤링 기술 초점 업무 적용 요즘 데이터 크롤링 파이썬 크롤링 자연 모습 발견 아래 내용,https://blog.naver.com/ahw0703/223437141396
금융 데이터 연합 학회 활동 평소 크롤링 공부 크롤링 대상 방법 지정 도구,https://blog.naver.com/ansrl23/223114015194
파이썬 크롤링 데이터 분석 러닝 파이썬 자바 스크립트 내용 수준 내외 동일 파이썬 장점 파이썬 크롤링 데이터 분석,https://edyoon.tistory.com/1369
서바이벌 슈터 크롤링 실험실 공개 본작 플레이어 안드로이드 조종 크롤링 승리,https://blog.naver.com/ljmnonoc/223482379809
동적 크롤링 동작 원리 크롤링 크롤링 데이터 수집 활용 페이지 데이터 작업 동적 크롤링 크롤링 정적,https://blog.naver.com/gangzsung/223545203739
멜론 네이버 관련 크롤링 진행 공유 자전거 활용 크롤링 진행 위도 출력 서버 주소 링크,https://blog.naver.com/89702565/223167319609
고객 제자 공개 데이터 이미지 크롤링 방법 수집 사업 사용 경우 법성 검토 요청 크롤링 크롤러 스파이더,https://blog.naver.com/veatlaw/223538633592
라면 파이썬 크롤링 크롤링 생각 코드 스프 네이버 사전 화면 구성 자체 단어,https://blog.naver.com/tndk4997/223512407814
운영 지식 사이트 검색 과도 크롤링 트래픽 초과 상태 트래픽 자정 자동 리셋 현상,https://blog.naver.com/tipsware/223490617445
학교 공지 사항 오픈 채팅 학교 재학 파이썬 크롤링 코드 이용 동아리 후배 크롤링 지피 채찍질 정상 작동,https://blog.naver.com/toonamayorice/223488616888
피엠 인터내셔널 코리아 대표 오상준 이하 크롤링 서비스 온라인 재판매 진행 크롤링 서비스 도입 크롤링 서비스 페이지,https://blog.naver.com/mino0401/223539382742
파이썬 공공 크롤링 누보 입력 누보 수정 공공 데이터 노출 스케줄링 주기 공공 데이터 국내 호스팅,https://blog.naver.com/zauin/223375023128
크롤링 무료 라이브러리 설치 지원 언어 파이썬 패키지 터미널 설치 명령어 파이썬 패키지 라이브러리,https://edyoon.tistory.com/1370
쇼핑몰 사이트 운영 사이트 크롤링 문제 크롤러 크롤링 자원 낭비 사이트,https://blog.naver.com/linkjuice/223543076115
조별 스터디 지난주 진행 크롤링 데이터 수집 공부 실습 크롤링 데이터 수집 오픈 정보 특정 데이터 베이스,https://blog.naver.com/aneunjin/223059065174
여름 오후 어르신 노래 체조 수박 공과 크롤링 터널 신체 활동 크롤링 터널 크롤링 터널 얼굴 사진,https://blog.naver.com/pajuhanvit/223535110621
인공지능 기초 학기 프로젝트 내용 파트 크롤링 그거 크롤링 인터 파크 리뷰 홈페이지 구조 게시물 번호,https://blog.naver.com/48harry/223529310419
파이썬 크롤링 구글 사이트 공부 파이썬 브라우저 실행 설치 시작,https://blog.naver.com/myway855/223149679470
네이버 지식 크롤링 외주 예시 안녕 프로그램 질문 네이버 지식 사이트 질문 제목 분야 엑셀 프로그램,https://blog.naver.com/whitesunny65/223515327632
크롤링 크롤링 사이트 하이퍼링크 데이터 정보 자원 자동 방법 수집 분류 저장 의미 크롤링 합법 불법,https://blog.naver.com/dlightlaw/223517687128
쿠팡 리뷰 크롤링 제휴 쇼핑 페이지 사람 구매 쿠팡 자동 크롤링 데이터 수집 경우 제약 개발자 모드,https://iamgus.tistory.com/723
파이썬 크롤링 구현 상품 페이지 이용해 페이지 사용자 리뷰 크롤링,https://iamgus.tistory.com/722
네이버 크롤링 정보 추출 때문 지난번 네이버 쇼핑 정보 크롤링 래스 추출 단해 정보,https://iamgus.tistory.com/705
크롤링 프로그램 크롤링 래핑 표현 리스 틀리 로켓 유무,https://reinia.tistory.com/2671
쿠팡 검색 결과 화면 분석 크롤링 결과 활용 화면 분석 중요 수집 상품 광고 상품 이벤트 상품,https://iamgus.tistory.com/700
단순 크롤링 코드 쿠팡 사이트 접속 차단 주의 기본 크롤링 쿠팡 접속,https://iamgus.tistory.com/699
크롤링 이용 네이버 기사 제목 데이터 추출 메소드 이용 기초 크로,https://iamgus.tistory.com/694
사이트 정보 크롤링 경우 대부분 접속자 헤더 정보 체크 경우 무분별 크롤링 부하 방지,https://iamgus.tistory.com/695
이용한 크롤링 등장 브라우저 크롤링 안내 페이지,https://iamgus.tistory.com/696
네이버 뉴스 기사 크롤링 찰떡 지시 마음 코드 작성 지난번 네이버 뉴스 크롤링,https://iamgus.tistory.com/621
크롤링 크롤링 크롤러 작업 의미 크롤러 인터넷 자동 방법 탐색 의미 출처 위키백과 완벽,https://blog.naver.com/richrule/222638742287
정상 유입 크롤링 주인 공격 유입 정상 리퍼러 기록 부분 삭제 상태 괴현상 시작,https://k66google.tistory.com/863
크롤링 아래 작성 시장 지표 부분 분류 주식 시세 종목 정보 엑셀 크롤링,https://blog.naver.com/njuya0128/221997291129
포스팅 이용해 네이버 기사 크롤링 코드리 코드 크롤링 기초 네이버 기사 제목,https://iamgus.tistory.com/697
크롤링 엑셀 공부 크롤링 내용 전체 주식,https://blog.naver.com/njuya0128/221991015271
코드리 코드 크롤링 실전 쿠팡 상품 정보 크롤링 실전 쿠팡 상품 정보 본견 쿠팡 상품 정보 수집,https://iamgus.tistory.com/701
파이썬 예제 크롤링 크롤링 기사 크롤링 출처 요즘 관심 이유 업무 자동 편리 때문 생각,https://blog.naver.com/kut_da_92/222673811301
엑셀 크롤링 분류 시세 종목 정보 네이버 엑셀 크롤링 엑셀 크롤링 분류 시세 종목 정보 부분 아래,https://blog.naver.com/njuya0128/221994046355
파이썬 예제 크롤링 크롤링 날씨 정보 래핑 출처 크롤링 라이브러리 브라우저 개발 도구 이용 클래스 이용 뉴스 기사 제목,https://blog.naver.com/kut_da_92/222676798940
완벽 크롤링 소스 업데이트 내용 공유 크롤링 걸까 문제 시작점 결과,https://blog.naver.com/blue_war/222682978282
네이버 상품 정보 추출 연습 크롤링 이해 도움 사이트 데이터 추출,https://iamgus.tistory.com/698
요즘 크롤링 관심 이것저것 검색 레니 크롬 브라우저 이용 크롤링 가능 오늘 주제 작성,https://blog.naver.com/blue_war/222432813358
